p,d,offsets,span,status,witness_a,witness_pattern,witness_count
2,1,0;1,1,pattern,0,0;1,
3,2,0;4,4,no_pattern,,,
5,4,0;16,16,pattern,8,8;24,
7,6,0;36,36,no_pattern,,,
11,10,0;100,100,no_pattern,,,
13,12,0;144,144,pattern,72,72;216,
17,16,0;256,256,no_pattern,,,
19,18,0;324,324,no_pattern,,,
23,22,0;484,484,no_pattern,,,
29,28,0;784,784,no_pattern,,,
31,30,0;900,900,no_pattern,,,
37,36,0;1296,1296,no_pattern,,,
41,40,0;1600,1600,pattern,0,0;1600,
43,42,0;1764,1764,no_pattern,,,
47,46,0;2116,2116,no_pattern,,,
53,52,0;2704,2704,pattern,1608,1608;4312,
59,58,0;3364,3364,no_pattern,,,
61,60,0;3600,3600,pattern,520,520;4120,
67,66,0;4356,4356,no_pattern,,,
71,70,0;4900,4900,no_pattern,,,
73,72,0;5184,5184,pattern,512,512;5696,
79,78,0;6084,6084,no_pattern,,,
83,82,0;6724,6724,no_pattern,,,
89,88,0;7744,7744,pattern,4608,4608;12352,
97,96,0;9216,9216,pattern,4608,4608;13824,
101,100,0;10000,10000,no_pattern,,,
103,102,0;10404,10404,no_pattern,,,
107,106,0;11236,11236,no_pattern,,,
109,108,0;11664,11664,pattern,712,712;12376,
113,112,0;12544,12544,no_pattern,,,
127,126,0;15876,15876,no_pattern,,,
131,130,0;16900,16900,no_pattern,,,
137,136,0;18496,18496,no_pattern,,,
139,138,0;19044,19044,no_pattern,,,
149,148,0;21904,21904,pattern,12488,12488;34392,
151,150,0;22500,22500,no_pattern,,,
157,156,0;24336,24336,no_pattern,,,
163,162,0;26244,26244,no_pattern,,,
167,166,0;27556,27556,no_pattern,,,
173,172,0;29584,29584,pattern,4808,4808;34392,
179,178,0;31684,31684,no_pattern,,,
181,180,0;32400,32400,pattern,584,584;32984,
191,190,0;36100,36100,no_pattern,,,
193,192,0;36864,36864,pattern,0,0;36864,
197,196,0;38416,38416,pattern,8,8;38424,
199,198,0;39204,39204,no_pattern,,,
211,210,0;44100,44100,no_pattern,,,
223,222,0;49284,49284,no_pattern,,,
227,226,0;51076,51076,no_pattern,,,
229,228,0;51984,51984,no_pattern,,,
233,232,0;53824,53824,pattern,45056,45056;98880,
239,238,0;56644,56644,no_pattern,,,
241,240,0;57600,57600,no_pattern,,,
251,250,0;62500,62500,no_pattern,,,
257,256,0;65536,65536,pattern,32768,32768;98304,
263,262,0;68644,68644,no_pattern,,,
269,268,0;71824,71824,no_pattern,,,
271,270,0;72900,72900,no_pattern,,,
277,276,0;76176,76176,pattern,34504,34504;110680,
281,280,0;78400,78400,pattern,32768,32768;111168,
283,282,0;79524,79524,no_pattern,,,
293,292,0;85264,85264,no_pattern,,,
307,306,0;93636,93636,no_pattern,,,
311,310,0;96100,96100,no_pattern,,,
313,312,0;97344,97344,pattern,1536,1536;98880,
317,316,0;99856,99856,pattern,8,8;99864,
331,330,0;108900,108900,no_pattern,,,
337,336,0;112896,112896,no_pattern,,,
347,346,0;119716,119716,no_pattern,,,
349,348,0;121104,121104,no_pattern,,,
353,352,0;123904,123904,no_pattern,,,
359,358,0;128164,128164,no_pattern,,,
367,366,0;133956,133956,no_pattern,,,
373,372,0;138384,138384,no_pattern,,,
379,378,0;142884,142884,no_pattern,,,
383,382,0;145924,145924,no_pattern,,,
389,388,0;150544,150544,pattern,112136,112136;262680,
397,396,0;156816,156816,pattern,111176,111176;267992,
401,400,0;160000,160000,no_pattern,,,
409,408,0;166464,166464,pattern,99840,99840;266304,
419,418,0;174724,174724,no_pattern,,,
421,420,0;176400,176400,no_pattern,,,
431,430,0;184900,184900,no_pattern,,,
433,432,0;186624,186624,no_pattern,,,
439,438,0;191844,191844,no_pattern,,,
443,442,0;195364,195364,no_pattern,,,
449,448,0;200704,200704,pattern,98304,98304;299008,
457,456,0;207936,207936,pattern,99840,99840;307776,
461,460,0;211600,211600,no_pattern,,,
463,462,0;213444,213444,no_pattern,,,
467,466,0;217156,217156,no_pattern,,,
479,478,0;228484,228484,no_pattern,,,
487,486,0;236196,236196,no_pattern,,,
491,490,0;240100,240100,no_pattern,,,
499,498,0;248004,248004,no_pattern,,,
503,502,0;252004,252004,no_pattern,,,
509,508,0;258064,258064,pattern,4104,4104;262168,
521,520,0;270400,270400,pattern,4096,4096;274496,
523,522,0;272484,272484,no_pattern,,,
541,540,0;291600,291600,no_pattern,,,
547,546,0;298116,298116,no_pattern,,,
557,556,0;309136,309136,no_pattern,,,
563,562,0;315844,315844,no_pattern,,,
569,568,0;322624,322624,pattern,38400,38400;361024,
571,570,0;324900,324900,no_pattern,,,
577,576,0;331776,331776,pattern,32768,32768;364544,
587,586,0;343396,343396,no_pattern,,,
593,592,0;350464,350464,no_pattern,,,
599,598,0;357604,357604,no_pattern,,,
601,600,0;360000,360000,pattern,512,512;360512,
607,606,0;367236,367236,no_pattern,,,
613,612,0;374544,374544,no_pattern,,,
617,616,0;379456,379456,no_pattern,,,
619,618,0;381924,381924,no_pattern,,,
631,630,0;396900,396900,no_pattern,,,
641,640,0;409600,409600,no_pattern,,,
643,642,0;412164,412164,no_pattern,,,
647,646,0;417316,417316,no_pattern,,,
653,652,0;425104,425104,pattern,362056,362056;787160,
659,658,0;432964,432964,no_pattern,,,
661,660,0;435600,435600,pattern,364744,364744;800344,
673,672,0;451584,451584,pattern,373248,373248;824832,
677,676,0;456976,456976,no_pattern,,,
683,682,0;465124,465124,no_pattern,,,
691,690,0;476100,476100,no_pattern,,,
701,700,0;490000,490000,pattern,296456,296456;786456,
709,708,0;501264,501264,pattern,299016,299016;800280,
719,718,0;515524,515524,no_pattern,,,
727,726,0;527076,527076,no_pattern,,,
733,732,0;535824,535824,no_pattern,,,
739,738,0;544644,544644,no_pattern,,,
743,742,0;550564,550564,no_pattern,,,
751,750,0;562500,562500,no_pattern,,,
757,756,0;571536,571536,no_pattern,,,
761,760,0;577600,577600,pattern,307200,307200;884800,
769,768,0;589824,589824,pattern,294912,294912;884736,
773,772,0;595984,595984,no_pattern,,,
787,786,0;617796,617796,no_pattern,,,
797,796,0;633616,633616,no_pattern,,,
809,808,0;652864,652864,no_pattern,,,
811,810,0;656100,656100,no_pattern,,,
821,820,0;672400,672400,no_pattern,,,
823,822,0;675684,675684,no_pattern,,,
827,826,0;682276,682276,no_pattern,,,
829,828,0;685584,685584,pattern,102408,102408;787992,
839,838,0;702244,702244,no_pattern,,,
853,852,0;725904,725904,pattern,99016,99016;824920,
857,856,0;732736,732736,pattern,98816,98816;831552,
859,858,0;736164,736164,no_pattern,,,
863,862,0;743044,743044,no_pattern,,,
877,876,0;767376,767376,pattern,32968,32968;800344,
881,880,0;774400,774400,no_pattern,,,
883,882,0;777924,777924,no_pattern,,,
887,886,0;784996,784996,no_pattern,,,
907,906,0;820836,820836,no_pattern,,,
911,910,0;828100,828100,no_pattern,,,
919,918,0;842724,842724,no_pattern,,,
929,928,0;861184,861184,pattern,37376,37376;898560,
937,936,0;876096,876096,pattern,12800,12800;888896,
941,940,0;883600,883600,pattern,1736,1736;885336,
947,946,0;894916,894916,no_pattern,,,
953,952,0;906304,906304,no_pattern,,,
967,966,0;933156,933156,no_pattern,,,
971,970,0;940900,940900,no_pattern,,,
977,976,0;952576,952576,no_pattern,,,
983,982,0;964324,964324,no_pattern,,,
991,990,0;980100,980100,no_pattern,,,
997,996,0;992016,992016,no_pattern,,,
1009,1008,0;1016064,1016064,no_pattern,,,
1013,1012,0;1024144,1024144,no_pattern,,,
1019,1018,0;1036324,1036324,no_pattern,,,
1021,1020,0;1040400,1040400,no_pattern,,,
1031,1030,0;1060900,1060900,no_pattern,,,
1033,1032,0;1065024,1065024,no_pattern,,,
1039,1038,0;1077444,1077444,no_pattern,,,
1049,1048,0;1098304,1098304,no_pattern,,,
1051,1050,0;1102500,1102500,no_pattern,,,
1061,1060,0;1123600,1123600,no_pattern,,,
1063,1062,0;1127844,1127844,no_pattern,,,
1069,1068,0;1140624,1140624,no_pattern,,,
1087,1086,0;1179396,1179396,no_pattern,,,
1091,1090,0;1188100,1188100,no_pattern,,,
1093,1092,0;1192464,1192464,no_pattern,,,
1097,1096,0;1201216,1201216,pattern,897536,897536;2098752,
1103,1102,0;1214404,1214404,no_pattern,,,
1109,1108,0;1227664,1227664,no_pattern,,,
1117,1116,0;1245456,1245456,no_pattern,,,
1123,1122,0;1258884,1258884,no_pattern,,,
1129,1128,0;1272384,1272384,pattern,824832,824832;2097216,
1151,1150,0;1322500,1322500,no_pattern,,,
1153,1152,0;1327104,1327104,no_pattern,,,
1163,1162,0;1350244,1350244,no_pattern,,,
1171,1170,0;1368900,1368900,no_pattern,,,
1181,1180,0;1392400,1392400,no_pattern,,,
1187,1186,0;1406596,1406596,no_pattern,,,
1193,1192,0;1420864,1420864,pattern,786944,786944;2207808,
1201,1200,0;1440000,1440000,no_pattern,,,
1213,1212,0;1468944,1468944,pattern,890376,890376;2359320,
1217,1216,0;1478656,1478656,pattern,884736,884736;2363392,
1223,1222,0;1493284,1493284,no_pattern,,,
1229,1228,0;1507984,1507984,pattern,884808,884808;2392792,
1231,1230,0;1512900,1512900,no_pattern,,,
1237,1236,0;1527696,1527696,pattern,831688,831688;2359384,
1249,1248,0;1557504,1557504,no_pattern,,,
1259,1258,0;1582564,1582564,no_pattern,,,
1277,1276,0;1628176,1628176,no_pattern,,,
1279,1278,0;1633284,1633284,no_pattern,,,
1283,1282,0;1643524,1643524,no_pattern,,,
1289,1288,0;1658944,1658944,pattern,798720,798720;2457664,
1291,1290,0;1664100,1664100,no_pattern,,,
1297,1296,0;1679616,1679616,no_pattern,,,
1301,1300,0;1690000,1690000,no_pattern,,,
1303,1302,0;1695204,1695204,no_pattern,,,
1307,1306,0;1705636,1705636,no_pattern,,,
1319,1318,0;1737124,1737124,no_pattern,,,
1321,1320,0;1742400,1742400,pattern,360448,360448;2102848,
1327,1326,0;1758276,1758276,no_pattern,,,
1361,1360,0;1849600,1849600,no_pattern,,,
1367,1366,0;1865956,1865956,no_pattern,,,
1373,1372,0;1882384,1882384,no_pattern,,,
1381,1380,0;1904400,1904400,no_pattern,,,
1399,1398,0;1954404,1954404,no_pattern,,,
1409,1408,0;1982464,1982464,no_pattern,,,
1423,1422,0;2022084,2022084,no_pattern,,,
1427,1426,0;2033476,2033476,no_pattern,,,
1429,1428,0;2039184,2039184,pattern,103112,103112;2142296,
1433,1432,0;2050624,2050624,pattern,46592,46592;2097216,
1439,1438,0;2067844,2067844,no_pattern,,,
1447,1446,0;2090916,2090916,no_pattern,,,
1451,1450,0;2102500,2102500,no_pattern,,,
1453,1452,0;2108304,2108304,pattern,1736,1736;2110040,
1459,1458,0;2125764,2125764,no_pattern,,,
1471,1470,0;2160900,2160900,no_pattern,,,
1481,1480,0;2190400,2190400,pattern,5632,5632;2196032,
1483,1482,0;2196324,2196324,no_pattern,,,
1487,1486,0;2208196,2208196,no_pattern,,,
1489,1488,0;2214144,2214144,no_pattern,,,
1493,1492,0;2226064,2226064,no_pattern,,,
1499,1498,0;2244004,2244004,no_pattern,,,
1511,1510,0;2280100,2280100,no_pattern,,,
1523,1522,0;2316484,2316484,no_pattern,,,
1531,1530,0;2340900,2340900,no_pattern,,,
1543,1542,0;2377764,2377764,no_pattern,,,
1549,1548,0;2396304,2396304,pattern,72,72;2396376,
1553,1552,0;2408704,2408704,no_pattern,,,
1559,1558,0;2427364,2427364,no_pattern,,,
1567,1566,0;2452356,2452356,no_pattern,,,
1571,1570,0;2464900,2464900,no_pattern,,,
1579,1578,0;2490084,2490084,no_pattern,,,
1583,1582,0;2502724,2502724,no_pattern,,,
1597,1596,0;2547216,2547216,pattern,373256,373256;2920472,
1601,1600,0;2560000,2560000,pattern,360448,360448;2920448,
1607,1606,0;2579236,2579236,no_pattern,,,
1609,1608,0;2585664,2585664,pattern,299520,299520;2885184,
1613,1612,0;2598544,2598544,pattern,299080,299080;2897624,
1619,1618,0;2617924,2617924,no_pattern,,,
1621,1620,0;2624400,2624400,pattern,263880,263880;2888280,
1627,1626,0;2643876,2643876,no_pattern,,,
1637,1636,0;2676496,2676496,no_pattern,,,
1657,1656,0;2742336,2742336,no_pattern,,,
1663,1662,0;2762244,2762244,no_pattern,,,
1667,1666,0;2775556,2775556,no_pattern,,,
1669,1668,0;2782224,2782224,pattern,102920,102920;2885144,
1693,1692,0;2862864,2862864,no_pattern,,,
1697,1696,0;2876416,2876416,pattern,12800,12800;2889216,
1699,1698,0;2883204,2883204,no_pattern,,,
1709,1708,0;2917264,2917264,pattern,712,712;2917976,
1721,1720,0;2958400,2958400,pattern,37376,37376;2995776,
1723,1722,0;2965284,2965284,no_pattern,,,
1733,1732,0;2999824,2999824,no_pattern,,,
1741,1740,0;3027600,3027600,no_pattern,,,
1747,1746,0;3048516,3048516,no_pattern,,,
1753,1752,0;3069504,3069504,no_pattern,,,
1759,1758,0;3090564,3090564,no_pattern,,,
1777,1776,0;3154176,3154176,no_pattern,,,
1783,1782,0;3175524,3175524,no_pattern,,,
1787,1786,0;3189796,3189796,no_pattern,,,
1789,1788,0;3196944,3196944,no_pattern,,,
1801,1800,0;3240000,3240000,no_pattern,,,
1811,1810,0;3276100,3276100,no_pattern,,,
1823,1822,0;3319684,3319684,no_pattern,,,
1831,1830,0;3348900,3348900,no_pattern,,,
1847,1846,0;3407716,3407716,no_pattern,,,
1861,1860,0;3459600,3459600,pattern,2930184,2930184;6389784,
1867,1866,0;3481956,3481956,no_pattern,,,
1871,1870,0;3496900,3496900,no_pattern,,,
1873,1872,0;3504384,3504384,no_pattern,,,
1877,1876,0;3519376,3519376,pattern,2884296,2884296;6403672,
1879,1878,0;3526884,3526884,no_pattern,,,
1889,1888,0;3564544,3564544,pattern,2994688,2994688;6559232,
1901,1900,0;3610000,3610000,pattern,2982088,2982088;6592088,
1907,1906,0;3632836,3632836,no_pattern,,,
1913,1912,0;3655744,3655744,no_pattern,,,
1931,1930,0;3724900,3724900,no_pattern,,,
1933,1932,0;3732624,3732624,pattern,2921032,2921032;6653656,
1949,1948,0;3794704,3794704,no_pattern,,,
1951,1950,0;3802500,3802500,no_pattern,,,
1973,1972,0;3888784,3888784,pattern,2404424,2404424;6293208,
1979,1978,0;3912484,3912484,no_pattern,,,
1987,1986,0;3944196,3944196,no_pattern,,,
1993,1992,0;3968064,3968064,pattern,2360832,2360832;6328896,
1997,1996,0;3984016,3984016,pattern,2405960,2405960;6389976,
1999,1998,0;3992004,3992004,no_pattern,,,
2003,2002,0;4008004,4008004,no_pattern,,,
2011,2010,0;4040100,4040100,no_pattern,,,
2017,2016,0;4064256,4064256,no_pattern,,,
2027,2026,0;4104676,4104676,no_pattern,,,
2029,2028,0;4112784,4112784,no_pattern,,,
2039,2038,0;4153444,4153444,no_pattern,,,
2053,2052,0;4210704,4210704,no_pattern,,,
2063,2062,0;4251844,4251844,no_pattern,,,
2069,2068,0;4276624,4276624,no_pattern,,,
2081,2080,0;4326400,4326400,no_pattern,,,
2083,2082,0;4334724,4334724,no_pattern,,,
2087,2086,0;4351396,4351396,no_pattern,,,
2089,2088,0;4359744,4359744,pattern,2195456,2195456;6555200,
2099,2098,0;4401604,4401604,no_pattern,,,
2111,2110,0;4452100,4452100,no_pattern,,,
2113,2112,0;4460544,4460544,pattern,2097152,2097152;6557696,
2129,2128,0;4528384,4528384,no_pattern,,,
2131,2130,0;4536900,4536900,no_pattern,,,
2137,2136,0;4562496,4562496,pattern,2101760,2101760;6664256,
2141,2140,0;4579600,4579600,no_pattern,,,
2143,2142,0;4588164,4588164,no_pattern,,,
2153,2152,0;4631104,4631104,pattern,2459136,2459136;7090240,
2161,2160,0;4665600,4665600,no_pattern,,,
2179,2178,0;4743684,4743684,no_pattern,,,
2203,2202,0;4848804,4848804,no_pattern,,,
2207,2206,0;4866436,4866436,no_pattern,,,
2213,2212,0;4892944,4892944,no_pattern,,,
2221,2220,0;4928400,4928400,pattern,2196168,2196168;7124568,
2237,2236,0;4999696,4999696,pattern,2110984,2110984;7110680,
2239,2238,0;5008644,5008644,no_pattern,,,
2243,2242,0;5026564,5026564,no_pattern,,,
2251,2250,0;5062500,5062500,no_pattern,,,
2267,2266,0;5134756,5134756,no_pattern,,,
2269,2268,0;5143824,5143824,no_pattern,,,
2273,2272,0;5161984,5161984,no_pattern,,,
2281,2280,0;5198400,5198400,no_pattern,,,
2287,2286,0;5225796,5225796,no_pattern,,,
2293,2292,0;5253264,5253264,no_pattern,,,
2297,2296,0;5271616,5271616,no_pattern,,,
2309,2308,0;5326864,5326864,no_pattern,,,
2311,2310,0;5336100,5336100,no_pattern,,,
2333,2332,0;5438224,5438224,no_pattern,,,
2339,2338,0;5466244,5466244,no_pattern,,,
2341,2340,0;5475600,5475600,no_pattern,,,
2347,2346,0;5503716,5503716,no_pattern,,,
2351,2350,0;5522500,5522500,no_pattern,,,
2357,2356,0;5550736,5550736,pattern,786504,786504;6337240,
2371,2370,0;5616900,5616900,no_pattern,,,
2377,2376,0;5645376,5645376,no_pattern,,,
2381,2380,0;5664400,5664400,pattern,889416,889416;6553816,
2383,2382,0;5673924,5673924,no_pattern,,,
2389,2388,0;5702544,5702544,pattern,885448,885448;6587992,
2393,2392,0;5721664,5721664,pattern,832000,832000;6553664,
2399,2398,0;5750404,5750404,no_pattern,,,
2411,2410,0;5808100,5808100,no_pattern,,,
2417,2416,0;5837056,5837056,no_pattern,,,
2423,2422,0;5866084,5866084,no_pattern,,,
2437,2436,0;5934096,5934096,pattern,361992,361992;6296088,
2441,2440,0;5953600,5953600,no_pattern,,,
2447,2446,0;5982916,5982916,no_pattern,,,
2459,2458,0;6041764,6041764,no_pattern,,,
2467,2466,0;6081156,6081156,no_pattern,,,
2473,2472,0;6110784,6110784,no_pattern,,,
2477,2476,0;6130576,6130576,pattern,263880,263880;6394456,
2503,2502,0;6260004,6260004,no_pattern,,,
2521,2520,0;6350400,6350400,pattern,45056,45056;6395456,
2531,2530,0;6400900,6400900,no_pattern,,,
2539,2538,0;6441444,6441444,no_pattern,,,
2543,2542,0;6461764,6461764,no_pattern,,,
2549,2548,0;6492304,6492304,pattern,98376,98376;6590680,
2551,2550,0;6502500,6502500,no_pattern,,,
2557,2556,0;6533136,6533136,pattern,32776,32776;6565912,
2579,2578,0;6646084,6646084,no_pattern,,,
2591,2590,0;6708100,6708100,no_pattern,,,
2593,2592,0;6718464,6718464,pattern,360960,360960;7079424,
2609,2608,0;6801664,6801664,no_pattern,,,
2617,2616,0;6843456,6843456,pattern,267776,267776;7111232,
2621,2620,0;6864400,6864400,no_pattern,,,
2633,2632,0;6927424,6927424,pattern,262656,262656;7190080,
2647,2646,0;7001316,7001316,no_pattern,,,
2657,2656,0;7054336,7054336,pattern,37376,37376;7091712,
2659,2658,0;7064964,7064964,no_pattern,,,
2663,2662,0;7086244,7086244,no_pattern,,,
2671,2670,0;7128900,7128900,no_pattern,,,
2677,2676,0;7160976,7160976,no_pattern,,,
2683,2682,0;7193124,7193124,no_pattern,,,
2687,2686,0;7214596,7214596,no_pattern,,,
2689,2688,0;7225344,7225344,no_pattern,,,
2693,2692,0;7246864,7246864,no_pattern,,,
2699,2698,0;7279204,7279204,no_pattern,,,
2707,2706,0;7322436,7322436,no_pattern,,,
2711,2710,0;7344100,7344100,no_pattern,,,
2713,2712,0;7354944,7354944,no_pattern,,,
2719,2718,0;7387524,7387524,no_pattern,,,
2729,2728,0;7441984,7441984,no_pattern,,,
2731,2730,0;7452900,7452900,no_pattern,,,
2741,2740,0;7507600,7507600,no_pattern,,,
2749,2748,0;7551504,7551504,no_pattern,,,
2753,2752,0;7573504,7573504,no_pattern,,,
2767,2766,0;7650756,7650756,no_pattern,,,
2777,2776,0;7706176,7706176,no_pattern,,,
2789,2788,0;7772944,7772944,no_pattern,,,
2791,2790,0;7784100,7784100,no_pattern,,,
2797,2796,0;7817616,7817616,no_pattern,,,
2801,2800,0;7840000,7840000,no_pattern,,,
2803,2802,0;7851204,7851204,no_pattern,,,
2819,2818,0;7941124,7941124,no_pattern,,,
2833,2832,0;8020224,8020224,no_pattern,,,
2837,2836,0;8042896,8042896,no_pattern,,,
2843,2842,0;8076964,8076964,no_pattern,,,
2851,2850,0;8122500,8122500,no_pattern,,,
2857,2856,0;8156736,8156736,no_pattern,,,
2861,2860,0;8179600,8179600,no_pattern,,,
2879,2878,0;8282884,8282884,no_pattern,,,
2887,2886,0;8328996,8328996,no_pattern,,,
2897,2896,0;8386816,8386816,no_pattern,,,
2903,2902,0;8421604,8421604,no_pattern,,,
2909,2908,0;8456464,8456464,no_pattern,,,
2917,2916,0;8503056,8503056,no_pattern,,,
2927,2926,0;8561476,8561476,no_pattern,,,
2939,2938,0;8631844,8631844,no_pattern,,,
2953,2952,0;8714304,8714304,no_pattern,,,
2957,2956,0;8737936,8737936,no_pattern,,,
2963,2962,0;8773444,8773444,no_pattern,,,
2969,2968,0;8809024,8809024,no_pattern,,,
2971,2970,0;8820900,8820900,no_pattern,,,
2999,2998,0;8988004,8988004,no_pattern,,,
3001,3000,0;9000000,9000000,no_pattern,,,
3011,3010,0;9060100,9060100,no_pattern,,,
3019,3018,0;9108324,9108324,no_pattern,,,
3023,3022,0;9132484,9132484,no_pattern,,,
3037,3036,0;9217296,9217296,no_pattern,,,
3041,3040,0;9241600,9241600,no_pattern,,,
3049,3048,0;9290304,9290304,no_pattern,,,
3061,3060,0;9363600,9363600,no_pattern,,,
3067,3066,0;9400356,9400356,no_pattern,,,
3079,3078,0;9474084,9474084,no_pattern,,,
3083,3082,0;9498724,9498724,no_pattern,,,
3089,3088,0;9535744,9535744,no_pattern,,,
3109,3108,0;9659664,9659664,no_pattern,,,
3119,3118,0;9721924,9721924,no_pattern,,,
3121,3120,0;9734400,9734400,no_pattern,,,
3137,3136,0;9834496,9834496,no_pattern,,,
3163,3162,0;9998244,9998244,no_pattern,,,
3167,3166,0;10023556,10023556,no_pattern,,,
3169,3168,0;10036224,10036224,pattern,7115264,7115264;17151488,
3181,3180,0;10112400,10112400,pattern,6664904,6664904;16777304,
3187,3186,0;10150596,10150596,no_pattern,,,
3191,3190,0;10176100,10176100,no_pattern,,,
3203,3202,0;10252804,10252804,no_pattern,,,
3209,3208,0;10291264,10291264,no_pattern,,,
3217,3216,0;10342656,10342656,no_pattern,,,
3221,3220,0;10368400,10368400,no_pattern,,,
3229,3228,0;10419984,10419984,no_pattern,,,
3251,3250,0;10562500,10562500,no_pattern,,,
3253,3252,0;10575504,10575504,pattern,6304328,6304328;16879832,
3257,3256,0;10601536,10601536,no_pattern,,,
3259,3258,0;10614564,10614564,no_pattern,,,
3271,3270,0;10692900,10692900,no_pattern,,,
3299,3298,0;10876804,10876804,no_pattern,,,
3301,3300,0;10890000,10890000,no_pattern,,,
3307,3306,0;10929636,10929636,no_pattern,,,
3313,3312,0;10969344,10969344,no_pattern,,,
3319,3318,0;11009124,11009124,no_pattern,,,
3323,3322,0;11035684,11035684,no_pattern,,,
3329,3328,0;11075584,11075584,pattern,6586368,6586368;17661952,
3331,3330,0;11088900,11088900,no_pattern,,,
3343,3342,0;11168964,11168964,no_pattern,,,
3347,3346,0;11195716,11195716,no_pattern,,,
3359,3358,0;11276164,11276164,no_pattern,,,
3361,3360,0;11289600,11289600,no_pattern,,,
3371,3370,0;11356900,11356900,no_pattern,,,
3373,3372,0;11370384,11370384,pattern,6291656,6291656;17662040,
3389,3388,0;11478544,11478544,no_pattern,,,
3391,3390,0;11492100,11492100,no_pattern,,,
3407,3406,0;11600836,11600836,no_pattern,,,
3413,3412,0;11641744,11641744,no_pattern,,,
3433,3432,0;11778624,11778624,no_pattern,,,
3449,3448,0;11888704,11888704,no_pattern,,,
3457,3456,0;11943936,11943936,no_pattern,,,
3461,3460,0;11971600,11971600,pattern,7177736,7177736;19149336,
3463,3462,0;11985444,11985444,no_pattern,,,
3467,3466,0;12013156,12013156,no_pattern,,,
3469,3468,0;12027024,12027024,pattern,7111240,7111240;19138264,
3491,3490,0;12180100,12180100,no_pattern,,,
3499,3498,0;12236004,12236004,no_pattern,,,
3511,3510,0;12320100,12320100,no_pattern,,,
3517,3516,0;12362256,12362256,pattern,6557704,6557704;18919960,
3527,3526,0;12432676,12432676,no_pattern,,,
3529,3528,0;12446784,12446784,no_pattern,,,
3533,3532,0;12475024,12475024,pattern,6403656,6403656;18878680,
3539,3538,0;12517444,12517444,no_pattern,,,
3541,3540,0;12531600,12531600,no_pattern,,,
3547,3546,0;12574116,12574116,no_pattern,,,
3557,3556,0;12645136,12645136,no_pattern,,,
3559,3558,0;12659364,12659364,no_pattern,,,
3571,3570,0;12744900,12744900,no_pattern,,,
3581,3580,0;12816400,12816400,pattern,6324232,6324232;19140632,
3583,3582,0;12830724,12830724,no_pattern,,,
3593,3592,0;12902464,12902464,pattern,6336512,6336512;19238976,
3607,3606,0;13003236,13003236,no_pattern,,,
3613,3612,0;13046544,13046544,no_pattern,,,
3617,3616,0;13075456,13075456,pattern,6586880,6586880;19662336,
3623,3622,0;13118884,13118884,no_pattern,,,
3631,3630,0;13176900,13176900,no_pattern,,,
3637,3636,0;13220496,13220496,no_pattern,,,
3643,3642,0;13264164,13264164,no_pattern,,,
3659,3658,0;13380964,13380964,no_pattern,,,
3671,3670,0;13468900,13468900,no_pattern,,,
3673,3672,0;13483584,13483584,no_pattern,,,
3677,3676,0;13512976,13512976,no_pattern,,,
3691,3690,0;13616100,13616100,no_pattern,,,
3697,3696,0;13660416,13660416,no_pattern,,,
3701,3700,0;13690000,13690000,no_pattern,,,
3709,3708,0;13749264,13749264,no_pattern,,,
3719,3718,0;13823524,13823524,no_pattern,,,
3727,3726,0;13883076,13883076,no_pattern,,,
3733,3732,0;13927824,13927824,pattern,2883784,2883784;16811608,
3739,3738,0;13972644,13972644,no_pattern,,,
3761,3760,0;14137600,14137600,no_pattern,,,
3767,3766,0;14182756,14182756,no_pattern,,,
3769,3768,0;14197824,14197824,pattern,2888192,2888192;17086016,
3779,3778,0;14273284,14273284,no_pattern,,,
3793,3792,0;14379264,14379264,no_pattern,,,
3797,3796,0;14409616,14409616,pattern,2371784,2371784;16781400,
3803,3802,0;14455204,14455204,no_pattern,,,
3821,3820,0;14592400,14592400,pattern,2197192,2197192;16789592,
3823,3822,0;14607684,14607684,no_pattern,,,
3833,3832,0;14684224,14684224,pattern,2097152,2097152;16781376,
3847,3846,0;14791716,14791716,no_pattern,,,
3851,3850,0;14822500,14822500,no_pattern,,,
3853,3852,0;14837904,14837904,no_pattern,,,
3863,3862,0;14915044,14915044,no_pattern,,,
3877,3876,0;15023376,15023376,no_pattern,,,
3881,3880,0;15054400,15054400,pattern,2097152,2097152;17151552,
3889,3888,0;15116544,15116544,no_pattern,,,
3907,3906,0;15256836,15256836,no_pattern,,,
3911,3910,0;15288100,15288100,no_pattern,,,
3917,3916,0;15335056,15335056,no_pattern,,,
3919,3918,0;15350724,15350724,no_pattern,,,
3923,3922,0;15382084,15382084,no_pattern,,,
3929,3928,0;15429184,15429184,pattern,2134528,2134528;17563712,
3931,3930,0;15444900,15444900,no_pattern,,,
3943,3942,0;15539364,15539364,no_pattern,,,
3947,3946,0;15570916,15570916,no_pattern,,,
3967,3966,0;15729156,15729156,no_pattern,,,
3989,3988,0;15904144,15904144,pattern,885448,885448;16789592,
